TEST,TEST1,TEST2
TEST,TEST1,TEST2
TEST,TEST1,TEST2
TEST,TEST1,TEST2
TEST,TEST1,TEST2
TEST,TEST1,TEST2
TEST,TEST1,TEST2
TEST,TEST1,TEST2
TEST,TEST1,TEST2
TEST,TEST1,TEST2
TEST,TEST1,TEST2
TEST,TEST1,TEST2
TEST,TEST1,TEST2
TEST,TEST1,TEST2
TEST,TEST1,TEST2
TEST,TEST1,TEST2
TEST,TEST1,TEST2
TEST,TEST1,TEST2
TEST,TEST1,TEST2
TEST,TEST1,TEST2
TEST,TEST1,TEST2
TEST,TEST1,TEST2
TEST,TEST1,TEST2
TEST,TEST1,TEST2
TEST,TEST1,TEST2
TEST,TEST1,TEST2
TEST,TEST1,TEST2
TEST,TEST1,TEST2
TEST,TEST1,TEST2
TEST,TEST1,TEST2
TEST,TEST1,TEST2
TEST,TEST1,TEST2
TEST,TEST1,TEST2
TEST,TEST1,TEST2
TEST,TEST1,TEST2
TEST,TEST1,TEST2
TEST,TEST1,TEST2
TEST,TEST1,TEST2
TEST,TEST1,TEST2
TEST,TEST1,TEST2
TEST,TEST1,TEST2
TEST,TEST1,TEST2
TEST,TEST1,TEST2
TEST,TEST1,TEST2
TEST,TEST1,TEST2
TEST,TEST1,TEST2
TEST,TEST1,TEST2
TEST,TEST1,TEST2
TEST,TEST1,TEST2
TEST,TEST1,TEST2
TEST,TEST1,TEST2
TEST,TEST1,TEST2
TEST,TEST1,TEST2
TEST,TEST1,TEST2
TEST,TEST1,TEST2
TEST,TEST1,TEST2
TEST,TEST1,TEST2
TEST,TEST1,TEST2
TEST,TEST1,TEST2
TEST,TEST1,TEST2
TEST,TEST1,TEST2
TEST,TEST1,TEST2
TEST,TEST1,TEST2
TEST,TEST1,TEST2
TEST,TEST1,TEST2
TEST,TEST1,TEST2
TEST,TEST1,TEST2
TEST,TEST1,TEST2
TEST,TEST1,TEST2
TEST,TEST1,TEST2
TEST,TEST1,TEST2
TEST,TEST1,TEST2
TEST,TEST1,TEST2
TEST,TEST1,TEST2
TEST,TEST1,TEST2
TEST,TEST1,TEST2
TEST,TEST1,TEST2
TEST,TEST1,TEST2
TEST,TEST1,TEST2
TEST,TEST1,TEST2
TEST,TEST1,TEST2
TEST,TEST1,TEST2
TEST,TEST1,TEST2
TEST,TEST1,TEST2
TEST,TEST1,TEST2
TEST,TEST1,TEST2
TEST,TEST1,TEST2
TEST,TEST1,TEST2
TEST,TEST1,TEST2
TEST,TEST1,TEST2
TEST,TEST1,TEST2
TEST,TEST1,TEST2
TEST,TEST1,TEST2
TEST,TEST1,TEST2
TEST,TEST1,TEST2
TEST,TEST1,TEST2
TEST,TEST1,TEST2
TEST,TEST1,TEST2
TEST,TEST1,TEST2
TEST,TEST1,TEST2
TEST,TEST1,TEST2
TEST,TEST1,TEST2
TEST,TEST1,TEST2
TEST,TEST1,TEST2
TEST,TEST1,TEST2
TEST,TEST1,TEST2
TEST,TEST1,TEST2
TEST,TEST1,TEST2
TEST,TEST1,TEST2
TEST,TEST1,TEST2
